tau_fn,iv_strength,dgp,num_data,estimator,epoch,avg_moment_loss,std_moment_loss,avg_abs_moment_loss,std_abs_moment_loss,MC_runs
abs,0.6,z_image,2000,AGMM,0,0.07972311191260814,0.09824023629343746,0.07972311191260814,0.09824023629343746,5
abs,0.6,z_image,2000,AGMM,1,0.03654930721968412,0.02667225757494405,0.03654930721968412,0.02667225757494405,5
abs,0.6,z_image,2000,AGMM,2,0.023953071609139443,0.005995052393291687,0.023953071609139443,0.005995052393291687,5
abs,0.6,z_image,2000,AGMM,3,0.01990870535373688,0.0055496287694893195,0.01990870535373688,0.0055496287694893195,5
abs,0.6,z_image,2000,AGMM,4,0.019471452571451664,0.0071950977686400545,0.019471452571451664,0.0071950977686400545,5
abs,0.6,z_image,2000,AGMM,5,0.0180497070774436,0.005450905175851959,0.0180497070774436,0.005450905175851959,5
abs,0.6,z_image,2000,AGMM,6,0.01732636671513319,0.005064581676633003,0.01732636671513319,0.005064581676633003,5
abs,0.6,z_image,2000,AGMM,7,0.019641493633389472,0.007234994335901646,0.019641493633389472,0.007234994335901646,5
abs,0.6,z_image,2000,AGMM,8,0.018458359688520432,0.006090227752956697,0.018458359688520432,0.006090227752956697,5
abs,0.6,z_image,2000,AGMM,9,0.01758260130882263,0.005828005620900508,0.01758260130882263,0.005828005620900508,5
abs,0.6,z_image,2000,AGMM,10,0.015795479901134966,0.004983967541950753,0.015795479901134966,0.004983967541950753,5
abs,0.6,z_image,2000,AGMM,11,0.015838603675365447,0.005060629789461977,0.015838603675365447,0.005060629789461977,5
abs,0.6,z_image,2000,AGMM,12,0.0160068666562438,0.004797048351984029,0.0160068666562438,0.004797048351984029,5
abs,0.6,z_image,2000,AGMM,13,0.015130692720413208,0.004930120319031538,0.015130692720413208,0.004930120319031538,5
abs,0.6,z_image,2000,AGMM,14,0.01554027572274208,0.006272659161065742,0.01554027572274208,0.006272659161065742,5
abs,0.6,z_image,2000,AGMM,15,0.015057043358683585,0.004518828333892472,0.015057043358683585,0.004518828333892472,5
abs,0.6,z_image,2000,AGMM,16,0.013787804823368787,0.004257622109135959,0.013787804823368787,0.004257622109135959,5
abs,0.6,z_image,2000,AGMM,17,0.013561556115746498,0.004786667858243458,0.013561556115746498,0.004786667858243458,5
abs,0.6,z_image,2000,AGMM,18,0.011423533130437136,0.005050356364817227,0.011423533130437136,0.005050356364817227,5
abs,0.6,z_image,2000,AGMM,19,0.01110535291954875,0.005060964948088758,0.01110535291954875,0.005060964948088758,5
abs,0.6,z_image,2000,AGMM,20,0.011249211337417363,0.006231474796466436,0.011249211337417363,0.006231474796466436,5
abs,0.6,z_image,2000,AGMM,21,0.011002337839454413,0.005256376378744543,0.011002337839454413,0.005256376378744543,5
abs,0.6,z_image,2000,AGMM,22,0.010401362180709839,0.0030375037891628037,0.010401362180709839,0.0030375037891628037,5
abs,0.6,z_image,2000,AGMM,23,0.009645290113985539,0.005384165258368021,0.009645290113985539,0.005384165258368021,5
abs,0.6,z_image,2000,AGMM,24,0.012844291562214494,0.007878805826267623,0.012844291562214494,0.007878805826267623,5
abs,0.6,z_image,2000,AGMM,25,0.009687320096418262,0.007139351143829003,0.009687320096418262,0.007139351143829003,5
abs,0.6,z_image,2000,AGMM,26,0.008031054632738233,0.004224564702945441,0.008031054632738233,0.004224564702945441,5
abs,0.6,z_image,2000,AGMM,27,0.0064699044451117516,0.0032717171186641956,0.0064699044451117516,0.0032717171186641956,5
abs,0.6,z_image,2000,AGMM,28,0.0056324551464058455,0.003493170816692944,0.0056324551464058455,0.003493170816692944,5
abs,0.6,z_image,2000,AGMM,29,0.006053797947242856,0.0036187819395888656,0.006053797947242856,0.0036187819395888656,5
abs,0.6,z_image,2000,AGMM,30,0.006632269918918609,0.0036932118496557733,0.006632269918918609,0.0036932118496557733,5
abs,0.6,z_image,2000,AGMM,31,0.006091085635125637,0.0034662493184954017,0.006091085635125637,0.0034662493184954017,5
abs,0.6,z_image,2000,AGMM,32,0.007126416359096765,0.003996768883371995,0.007126416359096765,0.003996768883371995,5
abs,0.6,z_image,2000,AGMM,33,0.00546161662787199,0.0045447643677705265,0.00546161662787199,0.0045447643677705265,5
abs,0.6,z_image,2000,AGMM,34,0.008026785496622325,0.003445782665831415,0.008026785496622325,0.003445782665831415,5
abs,0.6,z_image,2000,AGMM,35,0.0040746214479440825,0.005437453489013172,0.0042925441026454795,0.005223663157573747,5
abs,0.6,z_image,2000,AGMM,36,0.004067629727069288,0.003542551863345412,0.004067629727069288,0.003542551863345412,5
abs,0.6,z_image,2000,AGMM,37,0.00409612127004948,0.004643932263285518,0.00410623916068289,0.0046327495759825735,5
abs,0.6,z_image,2000,AGMM,38,0.003037169741946855,0.003429193983856368,0.003037169741946855,0.003429193983856368,5
abs,0.6,z_image,2000,AGMM,39,0.0067253130415338095,0.005822949332445956,0.006756603725079913,0.005777492184270701,5
abs,0.6,z_image,2000,AGMM,40,0.004938472097273916,0.0033169796650183024,0.004938472097273916,0.0033169796650183024,5
abs,0.6,z_image,2000,AGMM,41,0.007699942726685549,0.009132041018067064,0.007699942726685549,0.009132041018067064,5
abs,0.6,z_image,2000,AGMM,42,0.002945326390909031,0.0029640374010407216,0.003011104435427114,0.0028802369259643746,5
abs,0.6,z_image,2000,AGMM,43,0.0023301899491343647,0.0020811794979251146,0.0023301899491343647,0.0020811794979251146,5
abs,0.6,z_image,2000,AGMM,44,0.004164092284190702,0.003017656735610915,0.004185421443980886,0.002980543915693877,5
abs,0.6,z_image,2000,AGMM,45,0.004911382531281561,0.003804255522580696,0.00505300952354446,0.003564873978911322,5
abs,0.6,z_image,2000,AGMM,46,0.003769161216769135,0.00459026186618971,0.0037863249752263075,0.004572570756714766,5
abs,0.6,z_image,2000,AGMM,47,0.005622116569429636,0.0060295948233285,0.005777703039348126,0.005842853893450802,5
abs,0.6,z_image,2000,AGMM,48,0.0038627080240985377,0.0032391703466653067,0.0038627080240985377,0.0032391703466653067,5
abs,0.6,z_image,2000,AGMM,49,0.0019498733163345605,0.0019902668144790503,0.0019945064617786557,0.0019341921821299176,5
abs,0.6,z_image,2000,AGMM,50,0.0018022740659944247,0.0026488033462768634,0.002249435421981616,0.0021797819343596257,5
abs,0.6,z_image,2000,AGMM,51,0.0064228657982312145,0.0072377599905846125,0.006642350426409394,0.006985746347019151,5
abs,0.6,z_image,2000,AGMM,52,0.0014711219060700386,0.002698237509716801,0.0024293623690027745,0.0016150799785407495,5
abs,0.6,z_image,2000,AGMM,53,0.0029624657006934287,0.003393226749906921,0.003458770806901157,0.0027441523632399756,5
abs,0.6,z_image,2000,AGMM,54,0.009752641028899233,0.014037980555838115,0.00979004617111059,0.014005397239768085,5
abs,0.6,z_image,2000,AGMM,55,0.0026135731022804976,0.0012201491677942874,0.0026135731022804976,0.0012201491677942874,5
abs,0.6,z_image,2000,AGMM,56,0.002111987237003632,0.0023822607838245194,0.0021959308738587423,0.0022854186816147017,5
abs,0.6,z_image,2000,AGMM,57,0.001595243444899097,0.002405419413079015,0.0021917318401392548,0.0017211722864327263,5
abs,0.6,z_image,2000,AGMM,58,0.002734909486025572,0.002438178400289305,0.002734909486025572,0.002438178400289305,5
abs,0.6,z_image,2000,AGMM,59,0.0011135695123812184,0.0016949608310340525,0.0013477983738994226,0.0014670507733249782,5
abs,0.6,z_image,2000,AGMM,60,0.002412777740391903,0.0020344552492681856,0.002497954972204752,0.001901619017570328,5
abs,0.6,z_image,2000,AGMM,61,0.005156362353591249,0.004882281513750113,0.005307314061792567,0.004675712297960178,5
abs,0.6,z_image,2000,AGMM,62,0.000680130475666374,0.0018941773190216456,0.001433627400547266,0.001263732622554649,5
abs,0.6,z_image,2000,AGMM,63,0.002505192597163841,0.0019027918791471256,0.0026985519856680185,0.0015371648731554082,5
abs,0.6,z_image,2000,AGMM,64,0.0010048886455479079,0.0011378910140655734,0.001111700879118871,0.0010060809567514818,5
abs,0.6,z_image,2000,AGMM,65,0.005880043795332313,0.008055930551742516,0.005880043795332313,0.008055930551742516,5
abs,0.6,z_image,2000,AGMM,66,0.002599479944910854,0.0019893029629286774,0.002599479944910854,0.0019893029629286774,5
abs,0.6,z_image,2000,AGMM,67,0.0028500329019152558,0.0037924214703330844,0.0028896562973386606,0.0037547540718676233,5
abs,0.6,z_image,2000,AGMM,68,0.0016197005315916613,0.0018665079967449376,0.001674170370097272,0.0018054310653750094,5
abs,0.6,z_image,2000,AGMM,69,0.01006172203924507,0.016930756788649973,0.010212803748436272,0.016817301743297354,5
abs,0.6,z_image,2000,AGMM,70,0.001441768801305443,0.0026134597302843623,0.00198846886632964,0.0021180256884389586,5
abs,0.6,z_image,2000,AGMM,71,0.0008915320882806555,0.0021406780297037777,0.001673081042827107,0.0014411936155717354,5
abs,0.6,z_image,2000,AGMM,72,0.001444170936156297,0.0030490546660099926,0.00226890159319737,0.0023385633245325108,5
abs,0.6,z_image,2000,AGMM,73,0.0019555364830011967,0.0016561699293346165,0.0019751074629311915,0.0016268806479302596,5
abs,0.6,z_image,2000,AGMM,74,0.0024413964754785413,0.0026620505599454286,0.0024413964754785413,0.0026620505599454286,5
abs,0.6,z_image,2000,AGMM,75,0.0010668453178368509,0.001470741112549731,0.0015832098084501921,0.0006727454670348343,5
abs,0.6,z_image,2000,AGMM,76,0.004619876341894269,0.003682925057555232,0.004619876341894269,0.003682925057555232,5
abs,0.6,z_image,2000,AGMM,77,0.0011300782498437911,0.0018790332507954632,0.0013648341468069703,0.0016729156316726153,5
abs,0.6,z_image,2000,AGMM,78,0.0038346184737747535,0.004463730992587932,0.0038346184737747535,0.004463730992587932,5
abs,0.6,z_image,2000,AGMM,79,0.003008405263972236,0.0018168627657506454,0.003028659470874118,0.0017743013728779404,5
abs,0.6,z_image,2000,AGMM,80,0.0019594248879002407,0.0018002898104447667,0.0019952066213591024,0.0017504753463990393,5
abs,0.6,z_image,2000,AGMM,81,0.0022880089469254016,0.0017028049598497418,0.0022880089469254016,0.0017028049598497418,5
abs,0.6,z_image,2000,AGMM,82,0.009059491485822945,0.014512759735556753,0.00909292745636776,0.014486597787633301,5
abs,0.6,z_image,2000,AGMM,83,0.001448474481003359,0.0006302406465211801,0.001448474481003359,0.0006302406465211801,5
abs,0.6,z_image,2000,AGMM,84,0.003454798075836152,0.0035969932459015788,0.003454798075836152,0.0035969932459015788,5
abs,0.6,z_image,2000,AGMM,85,0.001653217594139278,0.0018844224128134308,0.002040909789502621,0.0013269579442350954,5
abs,0.6,z_image,2000,AGMM,86,0.0028932324561537826,0.0030804060420023794,0.0032645724897520266,0.0025749955367387807,5
abs,0.6,z_image,2000,AGMM,87,0.0026988389785401524,0.0018540923440004368,0.0026988389785401524,0.0018540923440004368,5
abs,0.6,z_image,2000,AGMM,88,0.001294508611317724,0.0010429913139761797,0.0014086610754020512,0.0008379224488628743,5
abs,0.6,z_image,2000,AGMM,89,0.004171290769590996,0.0039271778164262335,0.0041997978842118755,0.0038890141581300456,5
abs,0.6,z_image,2000,AGMM,90,0.0032948437619779725,0.002174222544163653,0.0032948437619779725,0.002174222544163653,5
abs,0.6,z_image,2000,AGMM,91,0.0018551839282736182,0.0010032956080059004,0.0018551839282736182,0.0010032956080059004,5
abs,0.6,z_image,2000,AGMM,92,0.002021769343991764,0.0023967386044486437,0.002021769343991764,0.0023967386044486437,5
abs,0.6,z_image,2000,AGMM,93,0.0014105517613643315,0.0015647105896222737,0.0014764048064535018,0.0014868340956499999,5
abs,0.6,z_image,2000,AGMM,94,0.0030799467116594315,0.0013692487342308669,0.0030799467116594315,0.0013692487342308669,5
abs,0.6,z_image,2000,AGMM,95,0.0020925132863339967,0.001808595949809613,0.0020925132863339967,0.001808595949809613,5
abs,0.6,z_image,2000,AGMM,96,0.006486801546998322,0.011061258285417043,0.006486801546998322,0.011061258285417043,5
abs,0.6,z_image,2000,AGMM,97,0.003482140623964369,0.0027248218990435637,0.003482140623964369,0.0027248218990435637,5
abs,0.6,z_image,2000,AGMM,98,0.0025044267298653723,0.0015491910303841215,0.0025044267298653723,0.0015491910303841215,5
abs,0.6,z_image,2000,AGMM,99,0.0012921165849547832,0.0006825028852420432,0.0012921165849547832,0.0006825028852420432,5
abs,0.6,z_image,2000,AGMM,100,0.0015759951988002286,0.0013582503534379704,0.0015759951988002286,0.0013582503534379704,5
abs,0.6,z_image,2000,AGMM,101,0.0049195415806025265,0.002944356564837694,0.0049195415806025265,0.002944356564837694,5
abs,0.6,z_image,2000,AGMM,102,0.0078120956051861866,0.015174548828871615,0.0078120956051861866,0.015174548828871615,5
abs,0.6,z_image,2000,AGMM,103,0.0025225950055755677,0.0019315228023373925,0.0025225950055755677,0.0019315228023373925,5
abs,0.6,z_image,2000,AGMM,104,0.0015494314604438842,0.0021979496463438736,0.0019422626704908908,0.0017653398000531612,5
abs,0.6,z_image,2000,AGMM,105,0.0016506616266269702,0.0016752458136881513,0.0016506616266269702,0.0016752458136881513,5
abs,0.6,z_image,2000,AGMM,106,0.0011400309740565717,0.0008820275368712095,0.0011400309740565717,0.0008820275368712095,5
abs,0.6,z_image,2000,AGMM,107,0.0016973560908809305,0.0008937109886937316,0.0016973560908809305,0.0008937109886937316,5
abs,0.6,z_image,2000,AGMM,108,0.001728764595463872,0.0014900364516018045,0.0020671687088906765,0.0007839064494522735,5
abs,0.6,z_image,2000,AGMM,109,0.001646451948909089,0.0014810865742867808,0.001646451948909089,0.0014810865742867808,5
abs,0.6,z_image,2000,AGMM,110,0.00209178558216081,0.001999142323342939,0.002111727892042836,0.0019727608366477685,5
abs,0.6,z_image,2000,AGMM,111,0.001891364884795621,0.001517954982015005,0.001891364884795621,0.001517954982015005,5
abs,0.6,z_image,2000,AGMM,112,0.0031913234386593105,0.0021261991086168118,0.0031913234386593105,0.0021261991086168118,5
abs,0.6,z_image,2000,AGMM,113,0.002185023622587323,0.0021531955145673407,0.0024482419714331625,0.0017640295560661754,5
abs,0.6,z_image,2000,AGMM,114,0.003765150951221585,0.002764739153443854,0.003765150951221585,0.002764739153443854,5
abs,0.6,z_image,2000,AGMM,115,0.002223667525686324,0.0011841895091742488,0.002223667525686324,0.0011841895091742488,5
abs,0.6,z_image,2000,AGMM,116,0.002083573685376905,0.0017558988579309688,0.002126094457344152,0.0016909857702950214,5
abs,0.6,z_image,2000,AGMM,117,0.0022791935509303583,0.0014098093189662093,0.0022791935509303583,0.0014098093189662093,5
abs,0.6,z_image,2000,AGMM,118,0.0009203592300764285,0.0016662395667250242,0.0010227978564216755,0.001589822746512209,5
abs,0.6,z_image,2000,AGMM,119,0.0012182461825432256,0.0016426941789983332,0.0012813568318961188,0.0015815355525589244,5
abs,0.6,z_image,2000,AGMM,120,0.0005495712466654368,0.0011000879029969845,0.000781962058681529,0.0009074129499573151,5
abs,0.6,z_image,2000,AGMM,121,0.0021086032036691906,0.0008772712946218776,0.0021086032036691906,0.0008772712946218776,5
abs,0.6,z_image,2000,AGMM,122,0.0017667730819084682,0.001153962628214542,0.0017667730819084682,0.001153962628214542,5
abs,0.6,z_image,2000,AGMM,123,0.003563418984413147,0.002365025547019926,0.003563418984413147,0.002365025547019926,5
abs,0.6,z_image,2000,AGMM,124,0.0026777108996611787,0.0026738240282023367,0.0026777108996611787,0.0026738240282023367,5
abs,0.6,z_image,2000,AGMM,125,0.0034553728997707366,0.0019307916745388116,0.0034553728997707366,0.0019307916745388116,5
abs,0.6,z_image,2000,AGMM,126,0.001343772595282644,0.000718272737918808,0.001343772595282644,0.000718272737918808,5
abs,0.6,z_image,2000,AGMM,127,0.00547399960050825,0.0070828259213293445,0.00547399960050825,0.0070828259213293445,5
abs,0.6,z_image,2000,AGMM,128,0.001579113441403024,0.0012824443326001679,0.001632684704964049,0.001195653946576302,5
abs,0.6,z_image,2000,AGMM,129,0.0016864403267391026,0.0014847734702556352,0.0016864403267391026,0.0014847734702556352,5
abs,0.6,z_image,2000,AGMM,130,0.0009917637245962397,0.000943852700610011,0.0010651393648004159,0.0008379735641240579,5
abs,0.6,z_image,2000,AGMM,131,0.0008278781868284568,0.0008431155777280774,0.0008278781868284568,0.0008431155777280774,5
abs,0.6,z_image,2000,AGMM,132,0.0016610110527835787,0.0008013712061452902,0.0016610110527835787,0.0008013712061452902,5
abs,0.6,z_image,2000,AGMM,133,0.0029595093335956337,0.002340897539570328,0.0029595093335956337,0.002340897539570328,5
abs,0.6,z_image,2000,AGMM,134,0.005297534330748021,0.00831057481870435,0.005297534330748021,0.00831057481870435,5
abs,0.6,z_image,2000,AGMM,135,0.0020145595039139153,0.002036080676685049,0.002045944429664814,0.0019965786370406235,5
abs,0.6,z_image,2000,AGMM,136,0.002627601136919111,0.002178549764835853,0.002964950690511614,0.001545242052182436,5
abs,0.6,z_image,2000,AGMM,137,0.0011233704813776058,0.0017077243482734475,0.0011236511191100363,0.0017074935434365827,5
abs,0.6,z_image,2000,AGMM,138,0.008730539282259997,0.016011264837928377,0.008745240724238101,0.016001232851035167,5
abs,0.6,z_image,2000,AGMM,139,0.0031904450850561263,0.0015287313510255985,0.0031904450850561263,0.0015287313510255985,5
abs,0.6,z_image,2000,AGMM,140,0.000845411085174419,0.0011025992680623255,0.0008973705786047504,0.001050015514370874,5
abs,0.6,z_image,2000,AGMM,141,0.0017852676821348723,0.002994311080943584,0.002251584080659086,0.002571543530685176,5
abs,0.6,z_image,2000,AGMM,142,0.0023824631003662943,0.0010227842754062856,0.0023824631003662943,0.0010227842754062856,5
abs,0.6,z_image,2000,AGMM,143,0.0009270379203371703,0.0010939038434799983,0.001230035291519016,0.000616150329044225,5
abs,0.6,z_image,2000,AGMM,144,0.0025732045411132275,0.002465253824230447,0.0025732045411132275,0.002465253824230447,5
abs,0.6,z_image,2000,AGMM,145,0.0048518537543714045,0.006405231280878945,0.0048518537543714045,0.006405231280878945,5
abs,0.6,z_image,2000,AGMM,146,0.0022558486904017626,0.003076297912213436,0.0026377762551419437,0.002669708977011279,5
abs,0.6,z_image,2000,AGMM,147,0.0023093937197700143,0.0008875022119710838,0.0023093937197700143,0.0008875022119710838,5
abs,0.6,z_image,2000,AGMM,148,0.004641816474031657,0.005517259951152543,0.004641816474031657,0.005517259951152543,5
abs,0.6,z_image,2000,AGMM,149,0.0021387516404502093,0.0024557963223319577,0.0021387516404502093,0.0024557963223319577,5
abs,0.6,z_image,2000,AGMM,150,0.003647009236738086,0.0029667906166388628,0.003647009236738086,0.0029667906166388628,5
abs,0.6,z_image,2000,AGMM,151,0.0036076738324481994,0.005242736816421868,0.0036076738324481994,0.005242736816421868,5
abs,0.6,z_image,2000,AGMM,152,0.0015455088305316167,0.001542845936839978,0.0015455088305316167,0.001542845936839978,5
abs,0.6,z_image,2000,AGMM,153,0.0026443650131113827,0.0020870011162568997,0.0026443650131113827,0.0020870011162568997,5
abs,0.6,z_image,2000,AGMM,154,0.0068349023815244435,0.012692902536590904,0.0068349023815244435,0.012692902536590904,5
abs,0.6,z_image,2000,AGMM,155,0.0017467033350840211,0.000538978511762487,0.0017467033350840211,0.000538978511762487,5
abs,0.6,z_image,2000,AGMM,156,0.0011951632099226118,0.0012671963806994326,0.0015064648585394024,0.0007446543343597181,5
abs,0.6,z_image,2000,AGMM,157,0.0013108632789226248,0.0007691775445577292,0.0013108632789226248,0.0007691775445577292,5
abs,0.6,z_image,2000,AGMM,158,0.0006385737011441961,0.0011736700762263058,0.0008994690462714062,0.0009359039513058045,5
abs,0.6,z_image,2000,AGMM,159,0.009545595198869706,0.01638505479737562,0.009545595198869706,0.01638505479737562,5
abs,0.6,z_image,2000,AGMM,160,0.0028299935627728702,0.003845201004415126,0.0028299935627728702,0.003845201004415126,5
abs,0.6,z_image,2000,AGMM,161,0.0025206598453223704,0.002786608301981181,0.0025206598453223704,0.002786608301981181,5
abs,0.6,z_image,2000,AGMM,162,0.0019614569435361775,0.0012243218230696166,0.0019614569435361775,0.0012243218230696166,5
abs,0.6,z_image,2000,AGMM,163,0.003265793586615473,0.0025650405047573876,0.003265793586615473,0.0025650405047573876,5
abs,0.6,z_image,2000,AGMM,164,0.006868987926281989,0.010229511966709511,0.006868987926281989,0.010229511966709511,5
abs,0.6,z_image,2000,AGMM,165,0.0011582730570808054,0.0011324447559403125,0.0011582730570808054,0.0011324447559403125,5
abs,0.6,z_image,2000,AGMM,166,0.0023707077838480473,0.0007123844914760755,0.0023707077838480473,0.0007123844914760755,5
abs,0.6,z_image,2000,AGMM,167,0.005592739128042012,0.008755019226572028,0.005592739128042012,0.008755019226572028,5
abs,0.6,z_image,2000,AGMM,168,0.0029385371366515757,0.002607577887628073,0.0029385371366515757,0.002607577887628073,5
abs,0.6,z_image,2000,AGMM,169,0.002994929754640907,0.001766073746094441,0.002994929754640907,0.001766073746094441,5
abs,0.6,z_image,2000,AGMM,170,0.0012331772944889964,0.0013976896302099159,0.0013324330444447695,0.0012787579245267203,5
abs,0.6,z_image,2000,AGMM,171,0.005879830836784094,0.00922984854798423,0.005879830836784094,0.00922984854798423,5
abs,0.6,z_image,2000,AGMM,172,0.0016821477067423985,0.001919336336289746,0.0016821477067423985,0.001919336336289746,5
abs,0.6,z_image,2000,AGMM,173,0.0011777130595874042,0.0010266190754322567,0.0011777130595874042,0.0010266190754322567,5
abs,0.6,z_image,2000,AGMM,174,0.0017192631523357705,0.0014701231165781823,0.0017192631523357705,0.0014701231165781823,5
abs,0.6,z_image,2000,AGMM,175,0.0015424634591909125,0.0013702484826866393,0.0015424634591909125,0.0013702484826866393,5
abs,0.6,z_image,2000,AGMM,176,0.0019349895307641419,0.0012553739433455978,0.0019366797169823257,0.0012521117901873585,5
abs,0.6,z_image,2000,AGMM,177,0.00465605731587857,0.006172472312426296,0.00465605731587857,0.006172472312426296,5
abs,0.6,z_image,2000,AGMM,178,0.0033070957812014966,0.003455941078273226,0.0033070957812014966,0.003455941078273226,5
abs,0.6,z_image,2000,AGMM,179,0.0015022524516098202,0.0010158172219775015,0.0015022524516098202,0.0010158172219775015,5
abs,0.6,z_image,2000,AGMM,180,0.003616479843913112,0.00469593451695981,0.003616479843913112,0.00469593451695981,5
abs,0.6,z_image,2000,AGMM,181,0.001510774262715131,0.0016044054115024954,0.001510774262715131,0.0016044054115024954,5
abs,0.6,z_image,2000,AGMM,182,0.002718073362484574,0.001632812005480078,0.002718073362484574,0.001632812005480078,5
abs,0.6,z_image,2000,AGMM,183,0.0022287486353889108,0.0011480389359226257,0.0022287486353889108,0.0011480389359226257,5
abs,0.6,z_image,2000,AGMM,184,0.005159586190711707,0.007294701088564418,0.005159586190711707,0.007294701088564418,5
abs,0.6,z_image,2000,AGMM,185,0.006616624072194099,0.00860871474066868,0.006616624072194099,0.00860871474066868,5
abs,0.6,z_image,2000,AGMM,186,0.0012364197085844354,0.0013553770182571539,0.0012949419644428418,0.001285251188385298,5
abs,0.6,z_image,2000,AGMM,187,0.0048611070786137136,0.007252830206991719,0.0048611070786137136,0.007252830206991719,5
abs,0.6,z_image,2000,AGMM,188,0.0018585932091809809,0.0013841361574252163,0.0018585932091809809,0.0013841361574252163,5
abs,0.6,z_image,2000,AGMM,189,0.0016082730842754244,0.0016937696333375629,0.0016082730842754244,0.0016937696333375629,5
abs,0.6,z_image,2000,AGMM,190,0.0007098753994796425,0.0011920455027369752,0.0008851895167026669,0.0010350969681522835,5
abs,0.6,z_image,2000,AGMM,191,0.0016088786665932274,0.0017995514378108153,0.0016533216097741389,0.0017484730911334575,5
abs,0.6,z_image,2000,AGMM,192,0.002611166809219867,0.001395174829513048,0.002611166809219867,0.001395174829513048,5
abs,0.6,z_image,2000,AGMM,193,0.0059506749268621205,0.008378831171752867,0.0059506749268621205,0.008378831171752867,5
abs,0.6,z_image,2000,AGMM,194,0.004053406929597258,0.0012989823047031975,0.004053406929597258,0.0012989823047031975,5
abs,0.6,z_image,2000,AGMM,195,0.007023766392376274,0.012632771860940683,0.007023766392376274,0.012632771860940683,5
abs,0.6,z_image,2000,AGMM,196,0.002637253934517503,0.0011545533439095623,0.002637253934517503,0.0011545533439095623,5
abs,0.6,z_image,2000,AGMM,197,0.006651187539682723,0.00996750181221301,0.006651187539682723,0.00996750181221301,5
abs,0.6,z_image,2000,AGMM,198,0.001856544055044651,0.0017160517947247167,0.001856544055044651,0.0017160517947247167,5
abs,0.6,z_image,2000,AGMM,199,0.002228326606564224,0.0010345963182087283,0.002228326606564224,0.0010345963182087283,5
sin,0.6,z_image,2000,AGMM,0,0.027964287996292116,0.029281817006118913,0.027964287996292116,0.029281817006118913,5
sin,0.6,z_image,2000,AGMM,1,0.02005536761134863,0.015941641922155785,0.02005536761134863,0.015941641922155785,5
sin,0.6,z_image,2000,AGMM,2,0.01386645957827568,0.00862601689012812,0.01386645957827568,0.00862601689012812,5
sin,0.6,z_image,2000,AGMM,3,0.01664663143455982,0.016402621493724318,0.01664663143455982,0.016402621493724318,5
sin,0.6,z_image,2000,AGMM,4,0.010403670184314252,0.003647872217841906,0.010403670184314252,0.003647872217841906,5
sin,0.6,z_image,2000,AGMM,5,0.012389636924490332,0.007161525706545298,0.012389636924490332,0.007161525706545298,5
sin,0.6,z_image,2000,AGMM,6,0.012749047949910164,0.010459246918144432,0.012749047949910164,0.010459246918144432,5
sin,0.6,z_image,2000,AGMM,7,0.010822881665080785,0.006114217569365251,0.010822881665080785,0.006114217569365251,5
sin,0.6,z_image,2000,AGMM,8,0.008098711352795362,0.002567836637495217,0.008098711352795362,0.002567836637495217,5
sin,0.6,z_image,2000,AGMM,9,0.008820383436977863,0.00192341761659718,0.008820383436977863,0.00192341761659718,5
sin,0.6,z_image,2000,AGMM,10,0.008495907485485076,0.0021917518562855854,0.008495907485485076,0.0021917518562855854,5
sin,0.6,z_image,2000,AGMM,11,0.009800213482230901,0.004492963784462787,0.009800213482230901,0.004492963784462787,5
sin,0.6,z_image,2000,AGMM,12,0.011575976200401784,0.002967736491202784,0.011575976200401784,0.002967736491202784,5
sin,0.6,z_image,2000,AGMM,13,0.011960793100297452,0.0028554746365778297,0.011960793100297452,0.0028554746365778297,5
sin,0.6,z_image,2000,AGMM,14,0.008247701264917851,0.0017466815101585677,0.008247701264917851,0.0017466815101585677,5
sin,0.6,z_image,2000,AGMM,15,0.010887325182557106,0.0036885498286992973,0.010887325182557106,0.0036885498286992973,5
sin,0.6,z_image,2000,AGMM,16,0.008465166762471199,0.0015405063542820435,0.008465166762471199,0.0015405063542820435,5
sin,0.6,z_image,2000,AGMM,17,0.00919705405831337,0.001803028322502463,0.00919705405831337,0.001803028322502463,5
sin,0.6,z_image,2000,AGMM,18,0.012001626007258893,0.003992003281377449,0.012001626007258893,0.003992003281377449,5
sin,0.6,z_image,2000,AGMM,19,0.008681724220514298,0.0017414155049605888,0.008681724220514298,0.0017414155049605888,5
sin,0.6,z_image,2000,AGMM,20,0.00787629084661603,0.0026554789272027384,0.00787629084661603,0.0026554789272027384,5
sin,0.6,z_image,2000,AGMM,21,0.008937185816466808,0.0037253853318188514,0.008937185816466808,0.0037253853318188514,5
sin,0.6,z_image,2000,AGMM,22,0.0075309060513973234,0.002710471619566724,0.0075309060513973234,0.002710471619566724,5
sin,0.6,z_image,2000,AGMM,23,0.006748237460851669,0.002625848368749773,0.006748237460851669,0.002625848368749773,5
sin,0.6,z_image,2000,AGMM,24,0.007858991343528032,0.0034169606069282907,0.007858991343528032,0.0034169606069282907,5
sin,0.6,z_image,2000,AGMM,25,0.014239291846752166,0.012419729720147613,0.014239291846752166,0.012419729720147613,5
sin,0.6,z_image,2000,AGMM,26,0.009876411687582732,0.004577417542128681,0.009876411687582732,0.004577417542128681,5
sin,0.6,z_image,2000,AGMM,27,0.008349908608943224,0.003277700473949202,0.008349908608943224,0.003277700473949202,5
sin,0.6,z_image,2000,AGMM,28,0.0088707793969661,0.004550574485624515,0.0088707793969661,0.004550574485624515,5
sin,0.6,z_image,2000,AGMM,29,0.010267185699194669,0.004019885056683035,0.010267185699194669,0.004019885056683035,5
sin,0.6,z_image,2000,AGMM,30,0.00836056675761938,0.0030769812145232667,0.00836056675761938,0.0030769812145232667,5
sin,0.6,z_image,2000,AGMM,31,0.011284148506820201,0.008863489852161364,0.011284148506820201,0.008863489852161364,5
sin,0.6,z_image,2000,AGMM,32,0.00793762058019638,0.003659216985335315,0.00793762058019638,0.003659216985335315,5
sin,0.6,z_image,2000,AGMM,33,0.00777148874476552,0.002837641097407347,0.00777148874476552,0.002837641097407347,5
sin,0.6,z_image,2000,AGMM,34,0.009865848440676927,0.008249824400627279,0.009865848440676927,0.008249824400627279,5
sin,0.6,z_image,2000,AGMM,35,0.006349636474624276,0.0022832611272616955,0.006349636474624276,0.0022832611272616955,5
sin,0.6,z_image,2000,AGMM,36,0.010617803176864981,0.005135049378402416,0.010617803176864981,0.005135049378402416,5
sin,0.6,z_image,2000,AGMM,37,0.006322653824463486,0.0032845003621562643,0.006322653824463486,0.0032845003621562643,5
sin,0.6,z_image,2000,AGMM,38,0.012382942717522383,0.011281820882260495,0.012382942717522383,0.011281820882260495,5
sin,0.6,z_image,2000,AGMM,39,0.009275277890264989,0.004309313909961401,0.009275277890264989,0.004309313909961401,5
sin,0.6,z_image,2000,AGMM,40,0.011209915857762098,0.0047027528243364656,0.011209915857762098,0.0047027528243364656,5
sin,0.6,z_image,2000,AGMM,41,0.00723670837469399,0.0043521126454300315,0.00723670837469399,0.0043521126454300315,5
sin,0.6,z_image,2000,AGMM,42,0.005834624636918306,0.0027230156014529353,0.005834624636918306,0.0027230156014529353,5
sin,0.6,z_image,2000,AGMM,43,0.012540805339813232,0.010541554458406047,0.012540805339813232,0.010541554458406047,5
sin,0.6,z_image,2000,AGMM,44,0.007941150153055788,0.006268653044646793,0.007941150153055788,0.006268653044646793,5
sin,0.6,z_image,2000,AGMM,45,0.007937597762793302,0.003855999448804449,0.007937597762793302,0.003855999448804449,5
sin,0.6,z_image,2000,AGMM,46,0.009879059437662364,0.0026448044066470365,0.009879059437662364,0.0026448044066470365,5
sin,0.6,z_image,2000,AGMM,47,0.007161975745111704,0.0025852045714697385,0.007161975745111704,0.0025852045714697385,5
sin,0.6,z_image,2000,AGMM,48,0.007494997698813677,0.003799021980434285,0.007494997698813677,0.003799021980434285,5
sin,0.6,z_image,2000,AGMM,49,0.009418244240805507,0.008581840895421796,0.009418244240805507,0.008581840895421796,5
sin,0.6,z_image,2000,AGMM,50,0.007954332511872053,0.0038845424526112887,0.007954332511872053,0.0038845424526112887,5
sin,0.6,z_image,2000,AGMM,51,0.007519037183374167,0.002398408411476338,0.007519037183374167,0.002398408411476338,5
sin,0.6,z_image,2000,AGMM,52,0.008150137774646283,0.003152444534853466,0.008150137774646283,0.003152444534853466,5
sin,0.6,z_image,2000,AGMM,53,0.007596262963488698,0.005799324547406469,0.007596262963488698,0.005799324547406469,5
sin,0.6,z_image,2000,AGMM,54,0.009772391011938452,0.005883852295732566,0.009772391011938452,0.005883852295732566,5
sin,0.6,z_image,2000,AGMM,55,0.005564500438049435,0.0028375478309124067,0.005564500438049435,0.0028375478309124067,5
sin,0.6,z_image,2000,AGMM,56,0.007114055147394538,0.0034232945977748074,0.007114055147394538,0.0034232945977748074,5
sin,0.6,z_image,2000,AGMM,57,0.0077007592655718325,0.003968874938079536,0.0077007592655718325,0.003968874938079536,5
sin,0.6,z_image,2000,AGMM,58,0.010997690074145795,0.005089211891344618,0.010997690074145795,0.005089211891344618,5
sin,0.6,z_image,2000,AGMM,59,0.006322401389479637,0.002085278837031459,0.006322401389479637,0.002085278837031459,5
sin,0.6,z_image,2000,AGMM,60,0.005930372420698405,0.0020720151291970285,0.005930372420698405,0.0020720151291970285,5
sin,0.6,z_image,2000,AGMM,61,0.0071178065612912175,0.003711723128835566,0.0071178065612912175,0.003711723128835566,5
sin,0.6,z_image,2000,AGMM,62,0.006098761130124331,0.0027692833379401524,0.006098761130124331,0.0027692833379401524,5
sin,0.6,z_image,2000,AGMM,63,0.005600729817524552,0.0027540515336119484,0.005600729817524552,0.0027540515336119484,5
sin,0.6,z_image,2000,AGMM,64,0.009926057048141956,0.0066069176921623105,0.009926057048141956,0.0066069176921623105,5
sin,0.6,z_image,2000,AGMM,65,0.008206968335434795,0.005150385737485723,0.008206968335434795,0.005150385737485723,5
sin,0.6,z_image,2000,AGMM,66,0.01017362279817462,0.005905135982480075,0.01017362279817462,0.005905135982480075,5
sin,0.6,z_image,2000,AGMM,67,0.00797339780256152,0.002225170597147765,0.00797339780256152,0.002225170597147765,5
sin,0.6,z_image,2000,AGMM,68,0.007055063359439373,0.004266974720449354,0.007055063359439373,0.004266974720449354,5
sin,0.6,z_image,2000,AGMM,69,0.005987208336591721,0.002068462532687015,0.005987208336591721,0.002068462532687015,5
sin,0.6,z_image,2000,AGMM,70,0.008949445514008402,0.006887076496395469,0.008949445514008402,0.006887076496395469,5
sin,0.6,z_image,2000,AGMM,71,0.005944772716611623,0.0017882027572901308,0.005944772716611623,0.0017882027572901308,5
sin,0.6,z_image,2000,AGMM,72,0.008230265416204929,0.0040369670330618265,0.008230265416204929,0.0040369670330618265,5
sin,0.6,z_image,2000,AGMM,73,0.0073818175587803125,0.00619166551916831,0.0073818175587803125,0.00619166551916831,5
sin,0.6,z_image,2000,AGMM,74,0.006912806164473295,0.002804085308729555,0.006912806164473295,0.002804085308729555,5
sin,0.6,z_image,2000,AGMM,75,0.005294101592153311,0.0012763523011911557,0.005294101592153311,0.0012763523011911557,5
sin,0.6,z_image,2000,AGMM,76,0.009609651146456599,0.007180848083759041,0.009609651146456599,0.007180848083759041,5
sin,0.6,z_image,2000,AGMM,77,0.004386576544493437,0.0021028231363761285,0.004386576544493437,0.0021028231363761285,5
sin,0.6,z_image,2000,AGMM,78,0.006831312528811395,0.0037850290843958103,0.006831312528811395,0.0037850290843958103,5
sin,0.6,z_image,2000,AGMM,79,0.007973294099792838,0.003217962159518732,0.007973294099792838,0.003217962159518732,5
sin,0.6,z_image,2000,AGMM,80,0.012388782156631351,0.01350293177997128,0.012388782156631351,0.01350293177997128,5
sin,0.6,z_image,2000,AGMM,81,0.006082035088911653,0.002956400797508991,0.006082035088911653,0.002956400797508991,5
sin,0.6,z_image,2000,AGMM,82,0.006624155445024371,0.0039271008730004655,0.006624155445024371,0.0039271008730004655,5
sin,0.6,z_image,2000,AGMM,83,0.008208113349974155,0.007971121074986204,0.008208113349974155,0.007971121074986204,5
sin,0.6,z_image,2000,AGMM,84,0.005416399473324418,0.0027999556296679903,0.005416399473324418,0.0027999556296679903,5
sin,0.6,z_image,2000,AGMM,85,0.005588711239397526,0.003120895674811939,0.005588711239397526,0.003120895674811939,5
sin,0.6,z_image,2000,AGMM,86,0.004656160995364189,0.0020554714507464173,0.004656160995364189,0.0020554714507464173,5
sin,0.6,z_image,2000,AGMM,87,0.005650928011164069,0.0020994337777038206,0.005650928011164069,0.0020994337777038206,5
sin,0.6,z_image,2000,AGMM,88,0.004685050970874727,0.002748530191183088,0.004685050970874727,0.002748530191183088,5
sin,0.6,z_image,2000,AGMM,89,0.00580973457545042,0.0035668963635315967,0.00580973457545042,0.0035668963635315967,5
sin,0.6,z_image,2000,AGMM,90,0.006010684696957469,0.0018104139620433027,0.006010684696957469,0.0018104139620433027,5
sin,0.6,z_image,2000,AGMM,91,0.005467247730121016,0.0028266477387840446,0.005467247730121016,0.0028266477387840446,5
sin,0.6,z_image,2000,AGMM,92,0.006708097923547029,0.0032675464744920664,0.006708097923547029,0.0032675464744920664,5
sin,0.6,z_image,2000,AGMM,93,0.00538135003298521,0.0026800128261476918,0.00538135003298521,0.0026800128261476918,5
sin,0.6,z_image,2000,AGMM,94,0.005309219984337687,0.002381093484882738,0.005309219984337687,0.002381093484882738,5
sin,0.6,z_image,2000,AGMM,95,0.0079202342312783,0.0040633517723835475,0.0079202342312783,0.0040633517723835475,5
sin,0.6,z_image,2000,AGMM,96,0.005590517586097121,0.0030012515692613493,0.005590517586097121,0.0030012515692613493,5
sin,0.6,z_image,2000,AGMM,97,0.0055426559410989285,0.0019265791708869926,0.0055426559410989285,0.0019265791708869926,5
sin,0.6,z_image,2000,AGMM,98,0.0049071721732616425,0.0016072884998552183,0.0049071721732616425,0.0016072884998552183,5
sin,0.6,z_image,2000,AGMM,99,0.005240742769092322,0.0011743809555837315,0.005240742769092322,0.0011743809555837315,5
sin,0.6,z_image,2000,AGMM,100,0.006324853608384728,0.004261740236294242,0.006324853608384728,0.004261740236294242,5
sin,0.6,z_image,2000,AGMM,101,0.006431488576345146,0.0034690288156014404,0.006431488576345146,0.0034690288156014404,5
sin,0.6,z_image,2000,AGMM,102,0.006697901850566268,0.005909014573149802,0.006697901850566268,0.005909014573149802,5
sin,0.6,z_image,2000,AGMM,103,0.004857177659869194,0.0018304794066039854,0.004857177659869194,0.0018304794066039854,5
sin,0.6,z_image,2000,AGMM,104,0.007179999817162752,0.0031325862090360655,0.007179999817162752,0.0031325862090360655,5
sin,0.6,z_image,2000,AGMM,105,0.005394839122891426,0.0031565213364859344,0.005394839122891426,0.0031565213364859344,5
sin,0.6,z_image,2000,AGMM,106,0.005450370954349637,0.0029613198946013422,0.005450370954349637,0.0029613198946013422,5
sin,0.6,z_image,2000,AGMM,107,0.005562719563022256,0.003082362288561932,0.005562719563022256,0.003082362288561932,5
sin,0.6,z_image,2000,AGMM,108,0.008240129239857197,0.008037680040975673,0.008240129239857197,0.008037680040975673,5
sin,0.6,z_image,2000,AGMM,109,0.004915907932445407,0.002175378604826799,0.004915907932445407,0.002175378604826799,5
sin,0.6,z_image,2000,AGMM,110,0.0055904427077621225,0.002056093602316436,0.0055904427077621225,0.002056093602316436,5
sin,0.6,z_image,2000,AGMM,111,0.0076154659036546946,0.006011186580487363,0.0076154659036546946,0.006011186580487363,5
sin,0.6,z_image,2000,AGMM,112,0.00470896102488041,0.0009039913980062636,0.00470896102488041,0.0009039913980062636,5
sin,0.6,z_image,2000,AGMM,113,0.005820009624585509,0.003538967409901686,0.005820009624585509,0.003538967409901686,5
sin,0.6,z_image,2000,AGMM,114,0.005349442036822439,0.0022269785649457526,0.005349442036822439,0.0022269785649457526,5
sin,0.6,z_image,2000,AGMM,115,0.005600844114087522,0.002711587970702194,0.005600844114087522,0.002711587970702194,5
sin,0.6,z_image,2000,AGMM,116,0.004711309401318431,0.001100299826868947,0.004711309401318431,0.001100299826868947,5
sin,0.6,z_image,2000,AGMM,117,0.005740049667656422,0.0018672639336228198,0.005740049667656422,0.0018672639336228198,5
sin,0.6,z_image,2000,AGMM,118,0.004880722495727241,0.002100926907935481,0.004880722495727241,0.002100926907935481,5
sin,0.6,z_image,2000,AGMM,119,0.008440097980201244,0.005357303184740382,0.008440097980201244,0.005357303184740382,5
sin,0.6,z_image,2000,AGMM,120,0.007077221339568496,0.004592865003273527,0.007077221339568496,0.004592865003273527,5
sin,0.6,z_image,2000,AGMM,121,0.00619597639888525,0.002219079480528546,0.00619597639888525,0.002219079480528546,5
sin,0.6,z_image,2000,AGMM,122,0.005710400128737092,0.0024795691575330552,0.005710400128737092,0.0024795691575330552,5
sin,0.6,z_image,2000,AGMM,123,0.004904542444273829,0.001368110207249071,0.004904542444273829,0.001368110207249071,5
sin,0.6,z_image,2000,AGMM,124,0.005253633065149188,0.0013678534257163348,0.005253633065149188,0.0013678534257163348,5
sin,0.6,z_image,2000,AGMM,125,0.008583941031247377,0.004452835142123206,0.008583941031247377,0.004452835142123206,5
sin,0.6,z_image,2000,AGMM,126,0.00669720396399498,0.003304368141213097,0.00669720396399498,0.003304368141213097,5
sin,0.6,z_image,2000,AGMM,127,0.006362052401527762,0.0035473035719853483,0.006362052401527762,0.0035473035719853483,5
sin,0.6,z_image,2000,AGMM,128,0.0065424563363194466,0.0032576541099098187,0.0065424563363194466,0.0032576541099098187,5
sin,0.6,z_image,2000,AGMM,129,0.004773892043158412,0.002358748959614922,0.004773892043158412,0.002358748959614922,5
sin,0.6,z_image,2000,AGMM,130,0.007833645259961487,0.005707617581052982,0.007833645259961487,0.005707617581052982,5
sin,0.6,z_image,2000,AGMM,131,0.004612606111913919,0.001870576144757434,0.004612606111913919,0.001870576144757434,5
sin,0.6,z_image,2000,AGMM,132,0.006446163728833198,0.0013467937354500765,0.006446163728833198,0.0013467937354500765,5
sin,0.6,z_image,2000,AGMM,133,0.0052934644743800165,0.002270296672843226,0.0052934644743800165,0.002270296672843226,5
sin,0.6,z_image,2000,AGMM,134,0.0057618353515863415,0.0006755603563708746,0.0057618353515863415,0.0006755603563708746,5
sin,0.6,z_image,2000,AGMM,135,0.00464050502050668,0.0027028582264606157,0.00464050502050668,0.0027028582264606157,5
sin,0.6,z_image,2000,AGMM,136,0.0074425386264920235,0.003747984466757172,0.0074425386264920235,0.003747984466757172,5
sin,0.6,z_image,2000,AGMM,137,0.003676091157831252,0.0015535043954048703,0.003676091157831252,0.0015535043954048703,5
sin,0.6,z_image,2000,AGMM,138,0.004168086033314466,0.0011627546673928524,0.004168086033314466,0.0011627546673928524,5
sin,0.6,z_image,2000,AGMM,139,0.008582760766148567,0.009403945951513054,0.008582760766148567,0.009403945951513054,5
sin,0.6,z_image,2000,AGMM,140,0.00449851481243968,0.0011226896442092069,0.00449851481243968,0.0011226896442092069,5
sin,0.6,z_image,2000,AGMM,141,0.008110100869089365,0.0074790649374072635,0.008110100869089365,0.0074790649374072635,5
sin,0.6,z_image,2000,AGMM,142,0.008293474931269884,0.007864303233364404,0.008293474931269884,0.007864303233364404,5
sin,0.6,z_image,2000,AGMM,143,0.007425118610262871,0.004179335532642166,0.007425118610262871,0.004179335532642166,5
sin,0.6,z_image,2000,AGMM,144,0.004375477973371744,0.0018000523892214748,0.004375477973371744,0.0018000523892214748,5
sin,0.6,z_image,2000,AGMM,145,0.0052838188130408525,0.0026743089713525095,0.0052838188130408525,0.0026743089713525095,5
sin,0.6,z_image,2000,AGMM,146,0.00402346053160727,0.0014472743714239948,0.00402346053160727,0.0014472743714239948,5
sin,0.6,z_image,2000,AGMM,147,0.0057348169852048155,0.0030237015047045257,0.0057348169852048155,0.0030237015047045257,5
sin,0.6,z_image,2000,AGMM,148,0.006171001633629203,0.0037578898585546813,0.006171001633629203,0.0037578898585546813,5
sin,0.6,z_image,2000,AGMM,149,0.0062758663669228556,0.00429665523773468,0.0062758663669228556,0.00429665523773468,5
sin,0.6,z_image,2000,AGMM,150,0.005145315267145634,0.001866103215220931,0.005145315267145634,0.001866103215220931,5
sin,0.6,z_image,2000,AGMM,151,0.004786828369833529,0.0029450910081627556,0.004786828369833529,0.0029450910081627556,5
sin,0.6,z_image,2000,AGMM,152,0.004519271617755294,0.0024307831944689507,0.004519271617755294,0.0024307831944689507,5
sin,0.6,z_image,2000,AGMM,153,0.01088831340894103,0.007455525207051377,0.01088831340894103,0.007455525207051377,5
sin,0.6,z_image,2000,AGMM,154,0.0047491566278040406,0.001045284110997348,0.0047491566278040406,0.001045284110997348,5
sin,0.6,z_image,2000,AGMM,155,0.005848335917107761,0.0024145463539625316,0.005848335917107761,0.0024145463539625316,5
sin,0.6,z_image,2000,AGMM,156,0.005292678717523813,0.0019703704168354966,0.005292678717523813,0.0019703704168354966,5
sin,0.6,z_image,2000,AGMM,157,0.005643496382981538,0.003230528493726717,0.005643496382981538,0.003230528493726717,5
sin,0.6,z_image,2000,AGMM,158,0.006307001784443855,0.002315295486262744,0.006307001784443855,0.002315295486262744,5
sin,0.6,z_image,2000,AGMM,159,0.00526961162686348,0.002560070739515317,0.00526961162686348,0.002560070739515317,5
sin,0.6,z_image,2000,AGMM,160,0.006208919826894999,0.0010812467495516704,0.006208919826894999,0.0010812467495516704,5
sin,0.6,z_image,2000,AGMM,161,0.007688986556604505,0.006090911530649585,0.007688986556604505,0.006090911530649585,5
sin,0.6,z_image,2000,AGMM,162,0.0128316733520478,0.014394314095937787,0.0128316733520478,0.014394314095937787,5
sin,0.6,z_image,2000,AGMM,163,0.004646225459873676,0.0007435461043999894,0.004646225459873676,0.0007435461043999894,5
sin,0.6,z_image,2000,AGMM,164,0.005573228839784861,0.0020450421707143055,0.005573228839784861,0.0020450421707143055,5
sin,0.6,z_image,2000,AGMM,165,0.006047693127766251,0.0026598106966317842,0.006047693127766251,0.0026598106966317842,5
sin,0.6,z_image,2000,AGMM,166,0.006842678971588611,0.0043104556415051055,0.006842678971588611,0.0043104556415051055,5
sin,0.6,z_image,2000,AGMM,167,0.004496451653540135,0.00047414017268105864,0.004496451653540135,0.00047414017268105864,5
sin,0.6,z_image,2000,AGMM,168,0.004385575070045888,0.0021452892734647646,0.004385575070045888,0.0021452892734647646,5
sin,0.6,z_image,2000,AGMM,169,0.00506805581972003,0.003028075924673813,0.00506805581972003,0.003028075924673813,5
sin,0.6,z_image,2000,AGMM,170,0.006216310942545533,0.0016624156801359083,0.006216310942545533,0.0016624156801359083,5
sin,0.6,z_image,2000,AGMM,171,0.004961936897598207,0.0025174636295455712,0.004961936897598207,0.0025174636295455712,5
sin,0.6,z_image,2000,AGMM,172,0.0061584125272929665,0.0016380062590415588,0.0061584125272929665,0.0016380062590415588,5
sin,0.6,z_image,2000,AGMM,173,0.005177993699908257,0.0023885954573364307,0.005177993699908257,0.0023885954573364307,5
sin,0.6,z_image,2000,AGMM,174,0.005357077624648809,0.0015886846949238452,0.005357077624648809,0.0015886846949238452,5
sin,0.6,z_image,2000,AGMM,175,0.003822626918554306,0.0009220389889060556,0.003822626918554306,0.0009220389889060556,5
sin,0.6,z_image,2000,AGMM,176,0.004919372615404427,0.0027166720137366583,0.004919372615404427,0.0027166720137366583,5
sin,0.6,z_image,2000,AGMM,177,0.005703823268413543,0.0021013799355334827,0.005703823268413543,0.0021013799355334827,5
sin,0.6,z_image,2000,AGMM,178,0.006326540466398,0.0033576394648317234,0.006326540466398,0.0033576394648317234,5
sin,0.6,z_image,2000,AGMM,179,0.00542174915317446,0.0027307059114868117,0.00542174915317446,0.0027307059114868117,5
sin,0.6,z_image,2000,AGMM,180,0.004898944590240717,0.00041813559929967584,0.004898944590240717,0.00041813559929967584,5
sin,0.6,z_image,2000,AGMM,181,0.00845737811177969,0.006974180362705878,0.00845737811177969,0.006974180362705878,5
sin,0.6,z_image,2000,AGMM,182,0.005733218183740974,0.0025990661454146128,0.005733218183740974,0.0025990661454146128,5
sin,0.6,z_image,2000,AGMM,183,0.006572112161666155,0.002820202005145787,0.006572112161666155,0.002820202005145787,5
sin,0.6,z_image,2000,AGMM,184,0.005753732519224286,0.0017033851049512324,0.005753732519224286,0.0017033851049512324,5
sin,0.6,z_image,2000,AGMM,185,0.006111314985901117,0.0026009929300206346,0.006111314985901117,0.0026009929300206346,5
sin,0.6,z_image,2000,AGMM,186,0.004735512007027864,0.0022058720530927843,0.004735512007027864,0.0022058720530927843,5
sin,0.6,z_image,2000,AGMM,187,0.006112142978236079,0.003125211968798997,0.006112142978236079,0.003125211968798997,5
sin,0.6,z_image,2000,AGMM,188,0.005140119465067983,0.002257213752182476,0.005140119465067983,0.002257213752182476,5
sin,0.6,z_image,2000,AGMM,189,0.0045333364978432655,0.0014078795352563968,0.0045333364978432655,0.0014078795352563968,5
sin,0.6,z_image,2000,AGMM,190,0.00481991064734757,0.0022257821507065166,0.00481991064734757,0.0022257821507065166,5
sin,0.6,z_image,2000,AGMM,191,0.005275886878371239,0.001965943772451124,0.005275886878371239,0.001965943772451124,5
sin,0.6,z_image,2000,AGMM,192,0.005057572084479034,0.0026696066447334374,0.005057572084479034,0.0026696066447334374,5
sin,0.6,z_image,2000,AGMM,193,0.006002580327913165,0.0031384238341516956,0.006002580327913165,0.0031384238341516956,5
sin,0.6,z_image,2000,AGMM,194,0.00516913989558816,0.0011876656865979919,0.00516913989558816,0.0011876656865979919,5
sin,0.6,z_image,2000,AGMM,195,0.008474625647068024,0.00476599358816791,0.008474625647068024,0.00476599358816791,5
sin,0.6,z_image,2000,AGMM,196,0.004834620747715235,0.002260150738858768,0.004834620747715235,0.002260150738858768,5
sin,0.6,z_image,2000,AGMM,197,0.005305215623229742,0.0008024987534084822,0.005305215623229742,0.0008024987534084822,5
sin,0.6,z_image,2000,AGMM,198,0.0068784811533987526,0.0027785984067949378,0.0068784811533987526,0.0027785984067949378,5
sin,0.6,z_image,2000,AGMM,199,0.006518621789291501,0.004637391021749516,0.006518621789291501,0.004637391021749516,5
